grant_id,component_id,shift_km
6,5,0.8678805185136247
9,8,0.8372719737875194
11,10,0.8647309184164098
13,12,0.8371407466331326
14,13,0.8401659120354246
15,14,0.8481015628946157
16,15,0.846469319008058
17,16,0.8479859604866337
18,17,0.8487023642873065
20,19,0.8575351951917077
21,20,0.8555896064113871
25,24,0.8124764617399188
29,28,0.8450826781643566
30,29,0.8449637883937166
31,30,0.845252522493788
34,33,0.8376058225223906
35,34,0.8384806622231914
36,35,0.8390233195960013
38,37,0.8411322253966401
39,38,0.8446580766085162
40,39,0.8256914964763252
41,40,0.8422349305025929
43,42,0.834917706272263
44,43,0.8349012410592408
3342,3341,0.8468775814533376
3343,3342,0.846920595325352
3344,3343,0.8583846751685951
3347,3346,0.8469636093031959
3348,3347,0.8362498365986368
3349,3348,0.83726567760935
3351,3350,0.8396713690672697
3352,3351,0.851057868294388
3353,3352,0.8518907015545576
3354,3353,0.8453521964534503
3355,3354,0.8436558280032037
4919,4918,0.6926829109186277
4920,4919,0.6927022909850056
4921,4920,0.692785517230825
4922,4921,0.6927869304152966
4924,4923,0.6927286706691455
4926,4925,0.6926532682507001
4927,4926,0.6927318171088069
4929,4928,0.6927445586452119
4930,4929,0.6926700048500872
4931,4930,0.692675730474164
4933,4932,0.6926397421821984
4934,4933,0.6926725160824356
4936,4935,0.6926914944988702
4938,4937,0.6926651956847049
4939,4938,0.6926713021648454
4941,4940,0.6926635565328262
4942,4941,0.6926663800816328
4943,4942,0.6926532682506996
4944,4943,0.6927123073038136
4946,4945,0.6928111397084458
4950,4949,0.6927233748514083
4951,4950,0.6926898786694254
4952,4951,0.6926885910025027
4953,4952,0.6927208161089328
4956,4955,0.6926992090078875
4961,4960,0.6928894596496815
4963,4962,0.6926440746089445
4964,4963,0.6925349868649552
4968,4967,0.6928111397084422
4969,4968,0.6928916991198861
4972,4971,0.6929507619266981
4973,4972,0.6929501859451289
4975,4974,0.6929476024740041
4976,4975,0.6929285201697116
4977,4976,0.6924722451457442
4978,4977,0.6928839954137106
4979,4978,0.6926218702774053
4980,4979,0.6926439944279502
4981,4980,0.6926757234410676
4982,4981,0.692937237431295
4983,4982,0.6929372713475829
4984,4983,0.6929349065454469
4985,4984,0.6929500109395983
4986,4985,0.692953797431399
4987,4986,0.6929499936660425
4988,4987,0.6926709140884654
4989,4988,0.6926453569847841
4990,4989,0.6926465586363141
4991,4990,0.6926456334982201
4992,4991,0.6926828218320528
4993,4992,0.6928779240499131
4994,4993,0.692792225167381
4995,4994,0.6925877036890066
4997,4996,0.6926535738972527
4998,4997,0.6927983650313501
4999,4998,0.6929511185947261
5000,4999,0.6917741803494006
5001,5000,0.692640118485326
5002,5001,0.6926431088919923
5003,5002,0.6926425064137037
5004,5003,0.6926807513940194
5008,5007,0.6927643840951487
5009,5008,0.692928316672472
5010,5009,0.6929262946194036
5011,5010,0.6929493042606867
5012,5011,0.6926749531077268
5013,5012,0.6925560878256531
5015,5014,0.6926448195795372
5016,5015,0.6926010949654183
5017,5016,0.6925459921958732
5018,5017,0.6925877036890066
5019,5018,0.6926742173210946
5020,5019,0.6927952896241489
5022,5021,0.6927082900258132
5023,5022,0.6925640399190832
5025,5024,0.6926474299782335
5026,5025,0.6925668336044662
5027,5026,0.6926924984168246
5028,5027,0.6926468920008413
5029,5028,0.6929088881098644
5030,5029,0.6926420873749284
5031,5030,0.6924636861391259
5033,5032,0.6926481357283799
5034,5033,0.6926701929888157
5037,5036,0.6926412216339956
5038,5037,0.6926385750196721
5039,5038,0.6926463116029118
5040,5039,0.6926470927856279
5041,5040,0.6925677780309071
5042,5041,0.692652424847787
5043,5042,0.6926434372632276
5044,5043,0.6925400945057373
5045,5044,0.6925547518828543
5047,5046,0.6927748243172094
5048,5047,0.692793508508773
5049,5048,0.6927619307778732
5050,5049,0.6927082900258134
5051,5050,0.6927983181524867
5053,5052,0.6925445608878555
5054,5053,0.6926002571443763
5056,5055,0.692670192988815
5057,5056,0.6921558040941183
5058,5057,0.6926225116242741
5059,5058,0.6925812929507835
5060,5059,0.6926468744002353
5061,5060,0.6926759850355676
5062,5061,0.6926496001182596
5067,5066,0.692782846092974
5068,5067,0.6925596838202207
5069,5068,0.6925510869882971
5071,5070,0.692553910056332
5073,5072,0.6925964927557708
5075,5074,0.6926435816869723
5076,5075,0.6926438381691117
5077,5076,0.6926437616787192
5079,5078,0.6926181075889588
5082,5081,0.6925867127464082
5083,5082,0.6926506304139589
5084,5083,0.6926721236644655
5085,5084,0.6926547346004172
5087,5086,0.6926382500123938
5088,5087,0.6926482151753779
5089,5088,0.6926526532048625
5092,5091,0.692542513960655
5093,5092,0.6926505603859947
5094,5093,0.692689615174754
5097,5096,0.6926925882164379
5098,5097,0.6926927207101212
5099,5098,0.6926906479662595
5102,5101,0.6926896151747541
5103,5102,0.6927844911036013
5105,5104,0.6927180087078972
5107,5106,0.6925414696795958
5109,5108,0.6926708931323551
5110,5109,0.692463686139126
5111,5110,0.6926370128369732
5112,5111,0.6926010949654187
5113,5112,0.692646558636314
5114,5113,0.6925093790656315
5115,5114,0.6924808217965873
5116,5115,0.6925149081406716
5117,5116,0.692609933923574
5118,5117,0.6926198936598953
5119,5118,0.6926100257891479
5120,5119,0.692655895343469
5121,5120,0.6926640097644574
5122,5121,0.692574314214307
5123,5122,0.6928694241574022
5124,5123,0.6921558040941183
5125,5124,0.692553243607294
5126,5125,0.6926759850355675
5127,5126,0.6924792918358106
5128,5127,0.6925093790656318
5129,5128,0.6926882688177952
5132,5131,0.6925513310866845
5133,5132,0.6929513955085604
5374,5373,0.8739656679781065
5375,5374,0.8676899266771851
5376,5375,0.8716810759082566
5377,5376,0.8717934940776619
5378,5377,0.8686688029191812
5380,5379,0.8576605641932971
5387,5386,0.8643938262894066
5388,5387,0.8606355203758422
5389,5388,0.855129104160111
5390,5389,0.8489492304320329
5391,5390,0.8561607733303829
5392,5391,0.8554141837288347
5393,5392,0.855449461893503
5394,5393,0.8628100188767489
5395,5394,0.8547945504038542
5396,5395,0.8420463780186956
5397,5396,0.8451302925277141
5398,5397,0.8557266726563114
5399,5398,0.8679616834873098
5400,5399,0.8443208594341003
5401,5400,0.8530404840170316
5402,5401,0.8558214851949738
5403,5402,0.8405522771225381
5404,5403,0.8554257966464345
6020,6019,0.6871920477109219
6023,6022,0.8694808475189538
6025,6024,0.7660299952199644
6034,6033,0.6921678234860718
6035,6034,0.693774823028818
6038,6037,0.8346470765333435
6040,6039,0.7473135207512959
6042,6041,0.8396934510532852
6043,6042,0.7369895272628477
6045,6044,0.7181250644698667
6046,6045,0.7248958314613814
6047,6046,0.7348791909993891
6048,6047,0.7000548716229015
6050,6049,0.7830151390242139
6051,6050,0.7141998111739832
6052,6051,0.7698883041626631
6054,6053,0.8405400672032671
6055,6054,0.8480720765629997
6056,6055,0.7464158983364487
6057,6056,0.7564227423865396
6058,6057,0.6880441537667189
6059,6058,0.7375981715766255
6061,6060,0.7495814572165305
6062,6061,0.7006745509944989
6064,6063,0.8528347283447189
6067,6066,0.8378315683334019
6068,6067,0.7375981715766259
6069,6068,0.7375981715766257
6070,6069,0.7217947992298234
6071,6070,0.8329266141353869
6072,6071,0.7660137790768901
6073,6072,0.8480720765629997
6074,6073,0.8485060534546645
6075,6074,0.7830151390242143
6077,6076,0.846770296160522
6079,6078,0.8692124223157344
6082,6081,0.6890594980115567
6083,6082,0.7675473494718044
6084,6083,0.7325955196673009
6085,6084,0.8417875108537621
6086,6085,0.7251982832321318
6087,6086,0.7208982454750853
6089,6088,0.7198217172151243
6090,6089,0.8241780269707739
6092,6091,0.6896248512223507
6093,6092,0.6890795145305888
6094,6093,0.7007119790099582
6095,6094,0.7375981715766251
6097,6096,0.7269029688911224
6099,6098,0.689624851222349
6100,6099,0.6923599526916017
6102,6101,0.839057606790494
6103,6102,0.8379826109694409
6104,6103,0.8391681814489306
6106,6105,0.7644804430585875
6108,6107,0.8329455450997244
6109,6108,0.7887620173645942
6110,6109,0.786627476611575
6111,6110,0.7252349046520661
6112,6111,0.707140724483299
6113,6112,0.6916987152937055
6114,6113,0.8044163431205277
6115,6114,0.7786310511085746
6116,6115,0.7011483147412766
6117,6116,0.7660137790768897
6118,6117,0.8630770021669794
6119,6118,0.8675658567409371
6120,6119,0.8433254624434112
6122,6121,0.7238230669245996
6123,6122,0.7236176611233898
6125,6124,0.8334471255304402
6126,6125,0.8462599163228711
6127,6126,0.7485261404772983
6128,6127,0.7204007037127428
6129,6128,0.8548299737363467
6130,6129,0.8358694923552165
6132,6131,0.7227220077604626
6133,6132,0.721776501290845
6134,6133,0.8453520562675424
6135,6134,0.8352492558683428
6136,6135,0.7492381466378893
6137,6136,0.7874505924236258
6139,6138,0.747470953999788
6140,6139,0.7393771112040336
6143,6142,0.8543350609907527
6144,6143,0.8508711217174777
6147,6146,0.8598480259867637
6148,6147,0.8616105160770935
6149,6148,0.8678030906455676
6151,6150,0.8305251132186547
6152,6151,0.8400221825303731
6158,6157,0.8382527661944025
6159,6158,0.8440874576819594
6161,6160,0.8511827171964333
6162,6161,0.84827237048328
6164,6163,0.8255159693176196
6165,6164,0.8587029131795972
6166,6165,0.8282331046908046
6168,6167,0.7517179142263448
6169,6168,0.8345400504985825
6170,6169,0.7912321124690126
6172,6171,0.8694973642115885
6173,6172,0.8489948411908916
6174,6173,0.8531241435979294
6175,6174,0.7029189301925597
6176,6175,0.7011145306571374
6178,6177,0.7038885336905903
6179,6178,0.8694928109903935
6180,6179,0.83650067206049
6182,6181,0.8512994831471291
6184,6183,0.8509626720518643
6185,6184,0.8556635708287662
6186,6185,0.8556635708287664
6187,6186,0.8556635708287659
6188,6187,0.84813477337685
6189,6188,0.8345682742964705
6190,6189,0.853352846964425
6191,6190,0.8610885472657331
6192,6191,0.704404076612413
6193,6192,0.8421719675522398
6194,6193,0.8387490472342375
6195,6194,0.8489893104537248
6196,6195,0.8489400553277351
6197,6196,0.8362755386480116
6198,6197,0.8379842713606208
6199,6198,0.8366157203594908
6200,6199,0.8367923421248873
6201,6200,0.8345675767248368
6203,6202,0.7915529326366626
6206,6205,0.7214462493004636
6207,6206,0.7290891438079313
6209,6208,0.8400221825303733
6211,6210,0.8497207609310653
6212,6211,0.8531241435979295
6213,6212,0.7671459398043864
6214,6213,0.7035459247118548
6215,6214,0.8241780269707745
6216,6215,0.8061688377122985
6221,6220,0.8433254624434113
6222,6221,0.8346296608899677
6223,6222,0.8498439567570741
6226,6225,0.8468113368981929
6228,6227,0.8611912158054716
6229,6228,0.8345364572464021
6230,6229,0.8528203271123282
6232,6231,0.737598171576626
6233,6232,0.8484392861520554
6235,6234,0.8344742183707784
6236,6235,0.8485620282413524
6237,6236,0.8537377416679935
6239,6238,0.848155251195853
6240,6239,0.8506987119576984
6242,6241,0.8571217521555388
6244,6243,0.8371025971968257
6245,6244,0.8694614273104602
6246,6245,0.7375981715766254
6247,6246,0.6992682767048508
6412,6411,0.802469624923956
6491,6490,0.7631693223150597
6493,6492,0.7629633849346203
6495,6494,0.776851625342036
6496,6495,0.7618776076317058
6499,6498,0.7733721013543721
6502,6501,0.7463107585226209
6504,6503,0.7456529154489707
6505,6504,0.7644611078155964
6506,6505,0.7631693223150592
6510,6509,0.7177695617003771
6511,6510,0.7459960645825212
6512,6511,0.7603187096504708
6513,6512,0.7171770445722435
6514,6513,0.7631693223150596
6517,6516,0.7464241331819079
6524,6523,0.730212751049838
6528,6527,0.7659792474477718
6531,6530,0.7779271594319733
6532,6531,0.7631693223150597
6535,6534,0.8182033807525525
6536,6535,0.7808113599946522
6541,6540,0.7699016569399381
6546,6545,0.8274026263188571
6547,6546,0.8024696249239562
6548,6547,0.786138909111536
6550,6549,0.8024696249239568
6553,6552,0.738422724459691
6554,6553,0.7743246370536015
6555,6554,0.8318190637963794
6556,6555,0.7174809855037968
6557,6556,0.786483649757416
6558,6557,0.7887614184450973
6559,6558,0.7552583904561667
6560,6559,0.7716367713386051
6561,6560,0.8077692143526052
6562,6561,0.802469624923957
6563,6562,0.8176821717260613
6564,6563,0.7916363880648271
6565,6564,0.7868529007818855
6566,6565,0.7272920907282845
6567,6566,0.7440323438229537
6569,6568,0.8024696249239569
6572,6571,0.7283686864527024
6582,6581,0.8393316300897995
6588,6587,0.8153622766099756
6589,6588,0.716265260228531
6590,6589,0.7600994493836116
6591,6590,0.8364035873289077
6592,6591,0.7951657709155676
6593,6592,0.7938197375787249
6594,6593,0.779660887932566
6595,6594,0.841403961786409
6596,6595,0.8096689086384766
6597,6596,0.8096306352946339
6599,6598,0.810281562728789
6600,6599,0.8196332788538915
6601,6600,0.8130702358889305
6602,6601,0.7916663883962496
6603,6602,0.8229869876490196
6604,6603,0.8076771552304505
6606,6605,0.8379682019444658
6607,6606,0.7846674743972539
6608,6607,0.7620110017425725
6609,6608,0.819186668628105
6610,6609,0.8001302767839461
6613,6612,0.7516081933801638
6616,6615,0.7898314719056873
6618,6617,0.7743643672927721
6620,6619,0.8412888360678779
6622,6621,0.7903074650972424
6623,6622,0.7900360842533938
6624,6623,0.8154785303977978
6625,6624,0.8185333064084483
6626,6625,0.7316224064945063
6627,6626,0.7832483541905715
6628,6627,0.8236770647204831
6629,6628,0.8394866905057174
6631,6630,0.823677064720483
6632,6631,0.7380432915384552
6635,6634,0.727292090728284
6636,6635,0.7459960645825212
6637,6636,0.7456242694124702
6639,6638,0.7358964577742773
6641,6640,0.7832935065994606
6642,6641,0.759965519883125
6644,6643,0.820931446692991
6645,6644,0.7609031390816906
6647,6646,0.787486533442547
6649,6648,0.735344823575426
6653,6652,0.8087375097329418
6654,6653,0.809936862560699
6655,6654,0.8122017232661571
6656,6655,0.8123625942282883
6657,6656,0.8274903494046212
6658,6657,0.7360042732739427
6663,6662,0.7326499136393931
6664,6663,0.7326499136393927
6665,6664,0.7322261445287092
6666,6665,0.7301964467692766
6667,6666,0.7273201144124024
6671,6670,0.8623101292580424
6672,6671,0.7437096718319096
6673,6672,0.7473439189954633
6674,6673,0.7897811449488
6675,6674,0.7315462972120103
6677,6676,0.746028378289293
6683,6682,0.787498951147133
6684,6683,0.7850170451160796
6686,6685,0.8096497717856194
6688,6687,0.8078411264972822
6689,6688,0.8745747408003467
6691,6690,0.8327824733876572
6692,6691,0.8576590231346066
6694,6693,0.7350273308774303
6695,6694,0.7247706779528421
6696,6695,0.7340504762686141
6699,6698,0.8636498692937254
6700,6699,0.7912121913365716
6707,6706,0.7333307268240293
6708,6707,0.8105641797334863
6709,6708,0.7842951905805634
6710,6709,0.7991824226653038
6711,6710,0.8322967673181502
6712,6711,0.8568795771183294
6713,6712,0.8277710378168074
6714,6713,0.8223290988749631
6716,6715,0.7367031860379449
6719,6718,0.8102815627287893
6720,6719,0.7900196459930173
6721,6720,0.8863004600907173
6722,6721,0.8125880699061782
6723,6722,0.802469624923957
6725,6724,0.7887668986968335
6726,6725,0.7716367713386051
6727,6726,0.8393633915421894
6731,6730,0.8139602205453648
6732,6731,0.8841040404906653
6733,6732,0.843321376919155
6734,6733,0.8811385713452535
6735,6734,0.8569516816063935
6736,6735,0.8573053421600825
6737,6736,0.8024696249239567
6738,6737,0.7850194517312339
6739,6738,0.7733721013543722
6740,6739,0.7462749854515507
6741,6740,0.7533328277312031
6742,6741,0.8197504155828707
6743,6742,0.8564211467643772
6746,6745,0.808782027246418
6748,6747,0.7615879172390082
6749,6748,0.7603187096504705
6751,6750,0.837425871635983
6752,6751,0.7597400960447882
6753,6752,0.7458457020757376
6754,6753,0.8156292451006922
6755,6754,0.8119549434928418
6758,6757,0.7998964440415313
6759,6758,0.8564211467643775
6760,6759,0.7306003331670136
6762,6761,0.7824995192211772
6763,6762,0.7248942511012431
6764,6763,0.8103394003490667
6765,6764,0.8101146226160266
6766,6765,0.8808625504362549
6768,6767,0.8377309315231627
6769,6768,0.7440323438229534
6770,6769,0.7302731514814479
6772,6771,0.8096497717856193
6774,6773,0.8095206074953385
6775,6774,0.8107197134280109
6907,6906,0.6928111397084398
6908,6907,0.6928111397084393
6909,6908,0.7134405917587446
6911,6910,0.6926912339506961
6913,6912,0.6928111397084394
6915,6914,0.692811139708439
6916,6915,0.6928111397084391
6917,6916,0.7048317090374993
6919,6918,0.6928111397084383
6920,6919,0.6928111397084388
6922,6921,0.6928111397084395
6924,6923,0.6928111397084403
6925,6924,0.6928111397084394
6926,6925,0.7068205642952313
6930,6929,0.7048317090374996
6931,6930,0.7048317090374998
6932,6931,0.7090896122698147
6934,6933,0.6928111397084388
6935,6934,0.6940882214980636
6938,6937,0.7182331726093351
6939,6938,0.6890426023825511
6942,6941,0.7038010440588588
6943,6942,0.7199562774432009
6945,6944,0.6938517346782902
6947,6946,0.692948293260256
6948,6947,0.7041679974208634
6949,6948,0.7089565317936303
6950,6949,0.7147510699714006
6953,6952,0.7168708165071006
6954,6953,0.6881114354760656
6957,6956,0.7031788612287801
6958,6957,0.6936866908388537
6959,6958,0.6966740739866802
6960,6959,0.6990870373034382
6961,6960,0.6893880931078983
6962,6961,0.6904940096596656
6966,6965,0.6950003356962969
6967,6966,0.6930117601479864
6968,6967,0.6986896165078734
6969,6968,0.6896178315459036
6970,6969,0.7223396308467311
6971,6970,0.7097400037982828
6972,6971,0.7142530528426742
6973,6972,0.7009334798858886
6975,6974,0.7131616425399739
6976,6975,0.7045027428225825
6977,6976,0.7077308720258588
6978,6977,0.7036959262571439
6980,6979,0.7101823181363357
6982,6981,0.6982745446173575
6983,6982,0.6911348896013293
6984,6983,0.7182331726093356
6985,6984,0.7039882983239442
7371,7370,0.9070415260240812
7377,7376,0.8247630439289666
7382,7381,0.8460616157052134
7383,7382,0.905035843203288
7384,7383,0.9174456930534322
7386,7385,0.8019721481165338
7387,7386,0.802899106571558
7388,7387,0.9030301615549483
7389,7388,0.8849806752564316
7395,7394,0.8026673555194241
7397,7396,0.8118174927387309
7398,7397,0.912272660197628
7400,7399,0.8102320735896756
7401,7400,0.8170163505447516
7402,7401,0.8184309543410333
7403,7402,0.8108521055604259
7404,7403,0.8061512490267834
7406,7405,0.9135590111949793
7407,7406,0.9094729732403455
7408,7407,0.9146385036751973
7409,7408,0.9090472100095671
7410,7409,0.8381917232729786
7411,7410,0.8238068818386362
7412,7411,0.8214370022215632
7413,7412,0.9090472100095667
7414,7413,0.8990188018070172
7417,7416,0.8082801359184544
7418,7417,0.8193760209308637
7419,7418,0.8204360035940178
7420,7419,0.8013378899608391
7422,7421,0.8118174927387308
7423,7422,0.9346836662083173
7424,7423,0.916435093241667
7425,7424,0.8933762042328928
7426,7425,0.9098716716442119
7428,7427,0.9203034006715005
7429,7428,0.9330530735093352
7433,7432,0.8206538620609136
7436,7435,0.812208269925762
7438,7437,0.8504901734351878
7439,7438,0.8545142782019406
7440,7439,0.8683477857241871
7441,7440,0.8565245987922672
7443,7442,0.8586957391061675
7444,7443,0.8571633594745953
7445,7444,0.8591254577401987
7449,7448,0.890996096729829
7450,7449,0.890494678309817
7453,7452,0.8507493736943098
7455,7454,0.842721139548894
7458,7457,0.8480648238880772
7459,7458,0.848508940858133
7460,7459,0.9110528951520538
7461,7460,0.911052895152054
7465,7464,0.858720909150508
7466,7465,0.8633163980173219
7467,7466,0.8586957391061679
7468,7467,0.8684625255586187
7469,7468,0.9382789018605643
7470,7469,0.8930017711765524
7471,7470,0.8204905375309284
7472,7471,0.8202453403912833
7473,7472,0.8544159209665829
7474,7473,0.86118605746947
7476,7475,0.9386050261086427
7478,7477,0.8724435137546706
7479,7478,0.8648857545937372
7480,7479,0.9235958032365672
7482,7481,0.8849806752564316
7483,7482,0.8157414943748886
7484,7483,0.8065849757743497
7485,7484,0.8172600521662823
7488,7487,0.8727701970026632
7489,7488,0.8686482541611914
7490,7489,0.8904946783098169
7491,7490,0.8866504729883653
7492,7491,0.8238068818386363
7493,7492,0.8372951401864639
7494,7493,0.8207628950163107
7499,7498,0.8362374927836187
7501,7500,0.8866504729883649
7504,7503,0.8569890201151822
7508,7507,0.8472895963899431
7509,7508,0.8182985490455349
7511,7510,0.8096122099817842
7512,7511,0.8193747369082487
7513,7512,0.8569890201151827
7514,7513,0.832769758881238
7515,7514,0.8630937298955568
7516,7515,0.8682489288115911
7517,7516,0.8686527455958969
7518,7517,0.872443513754671
7519,7518,0.8543636276789716
7520,7519,0.9003946100895255
7521,7520,0.8769941517000581
7523,7522,0.8849806752564304
7524,7523,0.8849806752564313
7527,7526,0.8357735784881742
7528,7527,0.83703050590709
7529,7528,0.8183180156501181
7530,7529,0.799261550499015
7532,7531,0.8393820628323401
7533,7532,0.8601059070281589
7534,7533,0.8581253041476045
7536,7535,0.8769941517000583
7537,7536,0.8575098103201227
7539,7538,0.8538657512444833
7540,7539,0.8542640521408836
7541,7540,0.8980617017849394
7543,7542,0.8970131237232964
7544,7543,0.8970131237232964
7545,7544,0.8990188018070179
7546,7545,0.8933762042328924
7547,7546,0.8591311762510174
7548,7547,0.8849806752564309
7549,7548,0.8391477545538965
7550,7549,0.8197555846303481
7552,7551,0.8293733983111863
7553,7552,0.8572494139918125
7554,7553,0.9127385934024321
7556,7555,0.8594094464923748
7557,7556,0.8627297972842125
7558,7557,0.8587209091505086
7560,7559,0.8381917232729788
7561,7560,0.8893247022958389
7562,7561,0.8357735784881745
7563,7562,0.8319375206217661
7564,7563,0.853502321916368
8840,8839,0.8748162927232565
8842,8841,0.9122727638656853
8843,8842,0.9396074880499897
8844,8843,0.9133179923103646
8845,8844,0.980245618274724
8846,8845,0.9402124367335564
8850,8849,0.9077208943176621
8851,8850,0.8979431224996596
8852,8851,0.9435667816860653
8853,8852,0.9408726714963666
8854,8853,0.9799377367827888
8855,8854,0.9231746171450271
8858,8857,0.8797432466827115
8859,8858,0.8715497187869227
8860,8859,0.9406501558258146
8861,8860,0.901325264142522
8862,8861,0.9480757685100137
8864,8863,0.867961185929601
8865,8864,0.9863914194118171
8867,8866,0.9231746171450265
8868,8867,0.9029159327729445
8869,8868,0.971634330617516
8870,8869,0.9406104753956399
8871,8870,0.9468371347681104
8872,8871,0.8710900718143718
8874,8873,0.9490394871706601
8878,8877,0.9344159359391918
8879,8878,0.8746738583071199
8880,8879,0.986358502564791
8882,8881,0.9428158683567002
8883,8882,0.9344159359391918
8884,8883,0.970508613723709
8886,8885,0.9781951642837864
8888,8887,0.9666165054501825
8889,8888,0.9359165797033451
8890,8889,0.9400626993920621
8891,8890,0.9088002629100859
8893,8892,0.8813339287762096
8894,8893,0.9761447103040568
8896,8895,0.871577234808343
8897,8896,0.8963415372575946
8898,8897,0.9095774074151753
8900,8899,0.9485153909161096
8902,8901,0.9431809033078402
8904,8903,0.8749733906040825
8905,8904,0.9476761940469425
8906,8905,0.9690203852762624
8907,8906,0.9447067930979189
8911,8910,0.9427790444305713
8913,8912,0.941387740048269
8915,8914,0.908411696008978
8919,8918,0.8720786863880977
8920,8919,0.8694440214151229
8921,8920,0.8694428723345992
10268,10267,0.9854250310159154
10269,10268,0.9854250310159152
10276,10275,0.9696748921084877
10281,10280,0.9854250310159152
10284,10283,0.9854250310159157
10285,10284,0.9892364237294043
10286,10285,0.9730393376175795
10287,10286,0.9879007277626976
10295,10294,0.9894143378467329
10297,10296,0.9776736934180242
10298,10297,0.9792987075377318
10300,10299,0.9855035147249589
10301,10300,0.9821782982677019
10302,10301,0.9783105109961535
10303,10302,0.988880595567187
10304,10303,0.9854250310159157
10305,10304,0.989236423729403
10306,10305,0.980746003620535
10307,10306,0.9808204283689991
10308,10307,0.9450360993426317
10309,10308,0.9854250310159153
10310,10309,0.9854250310159157
10311,10310,0.9823554632610113
10312,10311,0.9714672863187126
10313,10312,0.9854250310159156
10314,10313,0.9854250310159156
10315,10314,0.9872474883988824
10316,10315,0.9766387744933185
10318,10317,0.9753203042492459
10319,10318,0.9455331980705989
10320,10319,0.9830539926750103
10325,10324,0.9653820313450542
10328,10327,0.9759412578280464
10331,10330,0.9854250310159152
10333,10332,0.8745747408003461
10335,10334,0.8745747408003463
10337,10336,0.9394202809677612
10338,10337,0.9741228873829902
10339,10338,0.9730393376175802
10340,10339,0.9430211901546952
10344,10343,0.9466051124522928
10352,10351,0.8393316300897992
10353,10352,0.9020072235337715
10354,10353,0.9854250310159162
10356,10355,0.985425031015916
10357,10356,0.926505871771628
10358,10357,0.9765879798940621
10360,10359,0.9494326803025722
10362,10361,0.8904231132347411
10363,10362,0.9875828796639852
10364,10363,0.9854250310159156
10366,10365,0.9441315359083592
10367,10366,0.8745747408003466
10368,10367,0.9854250310159149
10369,10368,0.9756631917814436
10372,10371,0.985425031015916
10373,10372,0.985425031015916
10374,10373,0.9482948092386243
10375,10374,0.9660540263369335
10378,10377,0.943672423089902
10379,10378,0.8897260518151947
10380,10379,0.9430191001678128
10387,10386,0.9439547417338112
10388,10387,0.9420034915966523
10389,10388,0.9854250310159164
10390,10389,0.9221831704400589
10391,10390,0.8745747408003461
10394,10393,0.9488701212260645
10395,10394,0.9466066588781179
10396,10395,0.9439547417338122
10397,10396,0.9448387130384124
10398,10397,0.9563609342912384
10402,10401,0.9482143808078849
10404,10403,0.9854250310159158
10406,10405,0.9629766339329667
10407,10406,0.9459572729947372
10408,10407,0.9424565704484283
10409,10408,0.9382180426033183
10411,10410,0.9879910255848294
10413,10412,0.9511702514886061
10415,10414,0.9619819538527943
10416,10415,0.9782993264877954
10419,10418,0.9854250310159156
10420,10419,0.9854250310159156
10421,10420,0.8745747408003465
10423,10422,0.9861112938886509
10424,10423,0.9495847050331546
10425,10424,0.9644786242922685
10427,10426,0.8745747408003458
10428,10427,0.9573292497309581
10429,10428,0.9654065427015417
10430,10429,0.9780152575325034
10432,10431,0.948979511653517
10433,10432,0.9570223672772336
10434,10433,0.9854250310159159
10436,10435,0.9531543317955574
10438,10437,0.961355566946291
10439,10438,0.9373900105714238
4958,4957,0.7986500159080446
5005,5004,1.3868570554257396
5074,5073,0.2674035811044248
5091,5090,0.6652699780407769
6044,6043,0.2253543905852786
6060,6059,0.809890308961821
6105,6104,0.10166678094594919
6145,6144,0.766769039037902
6500,6499,1.167191448319562
6910,6909,2.7536008225269955
6489,6488,0.5811956967696198
6501,6500,0.7568839023016607
6530,6529,0.7020283587157364
6539,6538,0.46944394839222187
6605,6604,0.18294913699385637
6676,6675,0.9335327126099987
6678,6677,0.4872858732253755
6937,6936,1.0356289613340053
6912,6911,1.032303239990261
6952,6951,0.6639134391166339
7334,7333,0.32615897711262015
7338,7337,0.32615897711262004
9192,9191,0.42645843197386335
9193,9192,0.42645843197386457
9194,9193,0.42820515776327756
9196,9195,0.4266237119566559
9197,9196,0.42450545556986924
9199,9198,0.42692137829320986
9200,9199,0.427977865603041
9201,9200,0.4279282659846353
9202,9201,0.42645088192620184
9203,9202,0.4266806326672348
9210,9209,0.42645843197386624
9211,9210,0.42792546814989496
9214,9213,0.4278929265996202
9215,9214,0.42643741418568093
9216,9215,0.4279641641128339
9217,9216,0.42793811015329725
9218,9217,0.42448774674447776
9220,9219,0.4280877959250536
9221,9220,0.42800956608742147
9222,9221,0.42610325684531875
9224,9223,0.42792546814989796
9225,9224,0.42796274603209633
9226,9225,0.4278942560303907
9229,9228,0.42659152411563095
9230,9229,0.4264584319738658
9231,9230,0.42645843197386535
9233,9232,0.42675642922794765
9234,9233,0.4279266531678631
9235,9234,0.42796693082981496
9238,9237,0.4277668803527369
9239,9238,0.4279613865498209
9240,9239,0.42791323103595397
9241,9240,0.4246447226340577
9242,9241,0.4278664920992506
9243,9242,0.42796696678252855
9244,9243,0.4247977180437987
9245,9244,0.42796742186337866
9248,9247,0.4267375586177101
9249,9248,0.4264584319738657
9250,9249,0.42795591612260653
9251,9250,0.4280210773852668
9253,9252,0.42792576440437213
9254,9253,0.42449589761202833
9256,9255,0.4264584319738663
9260,9259,0.4279041128834397
9261,9260,0.428058711268171
9263,9262,0.4264659821139211
9264,9263,0.4279637283160036
9265,9264,0.42642666300725124
9266,9265,0.4260658554493397
9267,9266,0.42645843197386407
9268,9267,0.4279668154788756
9269,9268,0.4245185980085948
9270,9269,0.42796681932292974
9428,9427,0.42973190840169745
9430,9429,0.42988471882183366
9434,9433,0.430938416294257
9436,9435,0.4303377302369446
9439,9438,0.42978937523453664
9440,9439,0.43102617188739273
9448,9447,0.42986972538076873
9453,9452,0.4289240512880118
9502,9501,0.42971231606842974
9505,9504,0.4296276001954743
9506,9505,0.4295875254151384
9507,9506,0.4295456139603304
9509,9508,0.4295427030893749
9510,9509,0.42949854490761574
9514,9513,0.4289147853493875
9527,9526,0.42965783773293875
9528,9527,0.42965328038421646
9535,9534,0.4297174684313253
9536,9535,0.43108350156827824
9537,9536,0.4296294715450745
9539,9538,0.42892044973397214
9558,9557,0.4296194053997213
9571,9570,0.4296788144090976
9572,9571,0.42961260489771674
9594,9593,0.42961202014331556
9597,9596,0.4291832903739183
9603,9602,0.4296194053997213
9604,9603,0.43006570661283183
9605,9604,0.42960157017782324
9608,9607,0.42953287573045734
9609,9608,0.4295947362975603
9610,9609,0.4295972827319565
9611,9610,0.4295513204790946
9612,9611,0.43070715538419607
9613,9612,0.4295513204790946
9614,9613,0.42962868606726284
9615,9614,0.4296015701778231
9616,9615,0.429612446467113
9618,9617,0.4291959505875656
9619,9618,0.4295725767964839
9624,9623,0.42956393902769785
9625,9624,0.4296240454348244
9626,9625,0.4296381804668378
9628,9627,0.43408394946819717
9629,9628,0.430918842014846
9650,9649,0.4342170557494162
9651,9650,0.429581005974757
9652,9651,0.42955683190114274
9655,9654,0.4297893752345366
9657,9656,0.4295513204790945
9658,9657,0.4307071553841959
9666,9665,0.4295870014525018
9669,9668,0.4296165095045081
9691,9690,0.4296133264006103
9704,9703,0.4289147248431719
9706,9705,0.42955810418907503
9714,9713,0.42974482759684823
9715,9714,0.4297373158027022
9717,9716,0.42962981037763853
9718,9717,0.4296115438644909
9725,9724,0.4295754873873743
9726,9725,0.4294776412274543
9727,9726,0.43042854911238493
9743,9742,0.4306104030904551
9752,9751,0.4295886530049247
9759,9758,0.429539898928798
10737,10736,0.43114709863844003
10740,10739,0.43096026144855637
10744,10743,0.42929502926141117
10745,10744,0.4264584319738663
10750,10749,0.4317522779541973
10760,10759,0.4294728038544347
10761,10760,0.4310653117824995
10764,10763,0.4307955604546462
10765,10764,0.4264584319738663
10768,10767,0.4297844068046913
10769,10768,0.42645843197386596
10770,10769,0.42986704686941785
10771,10770,0.42989401363915486
10774,10773,0.4304748933622763
10777,10776,0.42645843197386735
10778,10777,0.4297777459991831
10780,10779,0.42977149538178144
10781,10780,0.426458431973868
10782,10781,0.42960777854588295
10783,10782,0.4297687832310004
10788,10787,0.4309932145231535
10789,10788,0.43145507322209253
10791,10790,0.4297644838624146
10793,10792,0.430637945058588
10794,10793,0.4297750011423899
10795,10794,0.43142018616730315
10797,10796,0.426458431973866
10798,10797,0.4297794650355742
10800,10799,0.4298667120956025
10871,10870,0.42865459240819337
10872,10871,0.4291457510501598
10873,10872,0.42969125210476977
10874,10873,0.4296065355545653
10875,10874,0.429586767227999
10877,10876,0.4287942054350659
10878,10877,0.42882974800269724
10879,10878,0.42880229133857006
10880,10879,0.42929502926141055
10882,10881,0.4290528757210376
10885,10884,0.42918424959824686
10887,10886,0.4279669299844661
10888,10887,0.42862669167223305
10889,10888,0.4290108506781705
10890,10889,0.42928032298830243
10892,10891,0.42922675981928315
10893,10892,0.42915300478596774
10896,10895,0.42853199774150996
10899,10898,0.4292033285194926
10918,10917,0.42960653555456535
10920,10919,0.42955575027773957
10921,10920,0.42914902656537574
10922,10921,0.42898562571930493
10923,10922,0.4292329401035479
10924,10923,0.42954184203652535
10927,10926,0.4289146342576223
10930,10929,0.4291511245258508
10931,10930,0.42915588929425036
10932,10931,0.42909872452810516
10936,10935,0.4291410240001307
10937,10936,0.429248702744733
10938,10937,0.42908643861820744
10939,10938,0.4285081600742187
10942,10941,0.42914084695830007
10945,10944,0.42974444864788897
10948,10947,0.42923892017923787
10949,10948,0.4284433589912247
10950,10949,0.42963586329279385
10952,10951,0.4297937017725838
10953,10952,0.4286701263787513
10955,10954,0.42877200358116513
10962,10961,0.4294576144339182
10963,10962,0.42932679721340616
10965,10964,0.4290506694608085
10966,10965,0.42875356419912686
10973,10972,0.428493736591765
10977,10976,0.4289443906119563
10978,10977,0.4289147149605619
10980,10979,0.42960492168245773
10981,10980,0.428190549930307
10982,10981,0.4292950292614111
10986,10985,0.42857804448697684
10987,10986,0.4281710488668938
10989,10988,0.4291050838151635
10991,10990,0.42891470491430533
10992,10991,0.4295867672279991
10993,10992,0.4289443906119562
10994,10993,0.428253952635934
10996,10995,0.4288808600177108
10997,10996,0.42894439061195605
10998,10997,0.4284924932574501
11008,11007,0.4289147248431715
11009,11008,0.42891471361132777
11011,11010,0.42929502926141117
11015,11014,0.4287699924242557
11018,11017,0.42911203877522885
11019,11018,0.42910877582185203
11020,11019,0.42898285501066535
11021,11020,0.4289828550106658
11025,11024,0.42903756212909155
11026,11025,0.4285081600742182
11027,11026,0.4285081600742191
11031,11030,0.42954290384851324
11033,11032,0.42915300478596796
11035,11034,0.42824385285555405
11043,11042,0.4289147248431711
11044,11043,0.42981403297439363
11045,11044,0.4286492157386357
11046,11045,0.4286880352165004
11047,11046,0.42885111755828836
11048,11047,0.42918160746012674
11049,11048,0.429227756236372
11050,11049,0.4283549909939003
11051,11050,0.42866281078369795
11052,11051,0.429641983469565
11053,11052,0.4292950292614105
11054,11053,0.4285460912314042
11060,11059,0.4289658463924005
11061,11060,0.4287538405446977
11062,11061,0.4289146153008838
11063,11062,0.42876110660005434
11065,11064,0.42862980690792635
11069,11068,0.42891472484317134
11071,11070,0.4295883176952551
11073,11072,0.42969125210476977
11075,11074,0.4288559637771155
11076,11075,0.42882519264944746
11077,11076,0.4297937017725838
11078,11077,0.42929502926141117
11079,11078,0.4288976768095228
11080,11079,0.42956777691487424
11084,11083,0.4289146940038435
11085,11084,0.4289145905724162
11086,11085,0.42948562025652387
11088,11087,0.4285653458617688
11090,11089,0.4285081600742185
11093,11092,0.4287959248610935
11094,11093,0.42951329761993023
11097,11096,0.42891471840664175
11098,11097,0.42891472484317145
11099,11098,0.428914720503488
11100,11099,0.42891470491430517
11101,11100,0.42877160070616527
11102,11101,0.42929502926141105
11109,11108,0.42891460531185827
11110,11109,0.42914102400013077
11111,11110,0.42891460147593086
11112,11111,0.4289146954159142
11114,11113,0.4289147160354737
11115,11114,0.42891461689990046
11117,11116,0.4289146259561017
11118,11117,0.4289146387857257
11119,11118,0.4288159715970807
11120,11119,0.428944390611956
11122,11121,0.42864921573863596
11127,11126,0.42859660053509024
11128,11127,0.42911076973830375
11132,11131,0.4298674095511073
11136,11135,0.4290213988105319
11139,11138,0.42905639344859753
11141,11140,0.4295867672279991
11142,11141,0.4291908943329373
11143,11142,0.42839534513012445
11144,11143,0.4286647191913205
11145,11144,0.42916399933942684
11151,11150,0.4286583070242704
11152,11151,0.4285168637048309
11153,11152,0.42887254207581743
11154,11153,0.42914102400013054
11156,11155,0.42891462239426126
11157,11156,0.4290492638276152
11161,11160,0.42891469461454285
11162,11161,0.4287743523971963
11164,11163,0.4291840984842716
11165,11164,0.428366125155284
11172,11171,0.42819967836853673
11174,11173,0.4290995349453205
11175,11174,0.429214837339211
11176,11175,0.42918582231017116
11177,11176,0.42887085140564735
11178,11177,0.4289394719299593
11182,11181,0.4292803229883021
11183,11182,0.4288808600177108
11185,11184,0.42890527022638075
11187,11186,0.42923621460067096
11188,11187,0.42876767663442605
11195,11194,0.42976797746559064
11202,11201,0.42911777643060983
11203,11202,0.42906733171228195
11205,11204,0.429219770121973
11206,11205,0.42902402565437203
11207,11206,0.42860540959698923
11208,11207,0.42857288316257347
7327,7326,0.43421705574941566
7328,7327,0.4342170557494157
7330,7329,0.4350503496642956
7331,7330,0.4344856841467126
7336,7335,0.4342170557494155
7337,7336,0.43421705574941594
7345,7344,0.4342170557494158
7346,7345,0.43401505823751513
7352,7351,0.43421705574941566
7353,7352,0.4314655846669158
7354,7353,0.43421705574941566
7340,7339,0.05557323804273109
7339,7338,0.9358056861816708
9540,9539,0.2099116967253765
9573,9572,0.2099085666577142
9432,9431,0.20990856665771432
9438,9437,0.2099482157105643
7477,7476,0.37700268250084273
7447,7446,0.3770026825008426
7506,7505,0.9153769046893794
7542,7541,0.9153769046893794
7535,7534,0.9153769046893795
8908,8907,0.35187519304353926
8917,8916,0.28053428566537364
9212,9211,1.0336582690420426
9223,9222,1.0336582690420428
9227,9226,0.6036982745579315
11170,11169,0.45390406069453865
9262,9261,0.45388086869557237
11150,11149,0.4538808686955719
11023,11022,0.45389929802927415
11135,11134,0.4538921022854513
9437,9436,0.7474730468378886
9441,9440,0.43503036017153124
9570,9569,0.4351264728434223
9665,9664,0.4351460328449703
9559,9558,0.435094435173624
9560,9559,0.43510691290184145
9627,9626,0.4351460328449705
9664,9663,0.4351460328449701
9742,9741,0.11215146320673323
9630,9629,0.11214901216061443
9542,9541,0.11215097108242383
9671,9670,0.11215146320673335
9443,9442,0.11216248728019396
9444,9443,0.11216248728019398
9445,9444,0.11216248728019396
9582,9581,0.11215146320673322
9587,9586,0.11214901216061449
9588,9587,0.11214901216061444
9561,9560,1.0670662930343247
9730,9729,1.535522976036125
9737,9736,1.5355466669363946
9738,9737,1.5355523223461447
9745,9744,1.5355229760361249
9746,9745,1.5355229760361249
9758,9757,1.5355229760361229
9518,9517,1.5355162510777398
9522,9521,1.5356371610115116
9532,9531,1.5355297010831295
9662,9661,1.5355229760361235
9545,9544,1.5355112074171107
9549,9548,1.535522976036125
9566,9565,1.5355229760361226
9708,9707,1.5355229760361233
9710,9709,1.5355229760361224
9733,9732,0.39844722432800633
9544,9543,0.3984499067295333
9674,9673,0.3984472243280062
9677,9676,0.39845057853341814
9676,9675,0.39845125081870003
9679,9678,0.39845125081869986
9617,9616,0.6906395805428207
9576,9575,0.7886228829450744
9744,9743,0.36631061805888615
9748,9747,0.36497783244673304
9750,9749,0.36649097122508134
9757,9756,0.36888140197945457
9565,9564,0.3667083624946907
9579,9578,0.3649844596617736
9580,9579,0.36498445966177373
9583,9582,0.36498445966177373
9586,9585,0.36505175207922486
9593,9592,0.3653771491732927
9591,9590,0.3651565102392471
9600,9599,0.36480361300300923
9622,9621,0.366711082839096
9636,9635,0.366708362494691
9640,9639,0.3667083624946903
9642,9641,0.3671120955240788
9644,9643,0.36670836249469063
9684,9683,0.36641709177483434
9687,9686,0.3654768902911885
9688,9687,0.3651806947794708
9690,9689,0.36537714917329295
9696,9695,0.3667083624946909
9702,9701,0.3662301512869497
9707,9706,0.3669360960358007
9709,9708,0.36825615590341293
9720,9719,0.36670836249469096
9721,9720,0.36651458053831376
9722,9721,0.3649745224313346
9723,9722,0.366483915027914
9724,9723,0.36670836249469096
9567,9566,1.3211459172720874
11010,11009,0.15198906250180125
11193,11192,0.15194928953730535
11070,11069,0.15198906250180103
10944,10943,0.1519890625018014
11091,11090,0.15198906250180136
11092,11091,0.15198906250180133
10967,10966,0.15198906250180136
10968,10967,0.1519890625018014
9529,9528,1.5797066782504867
9530,9529,1.1076079122423788
9697,9696,0.23192543897063264
9683,9682,0.23192543897063278
9601,9600,1.2967883230877013
9732,9731,1.2967883230877013
9703,9702,1.296788323087696
9547,9546,1.2967883230877013
9585,9584,1.2967883230877006
9620,9619,1.2967883230877009
9550,9549,0.8710230220151778
9634,9633,0.2610010872039878
9552,9551,0.26099333333852537
9553,9552,0.4370810806406253
9734,9733,0.09970814227624923
9623,9622,0.0997081422762493
9647,9646,0.09970814227624902
9648,9647,0.09970814227624926
9554,9553,0.09956656688780277
9555,9554,0.09965151114527644
9556,9555,0.09970814227624931
9562,9561,0.0997081422762491
9557,9556,0.19312778109681134
9596,9595,0.24832229772881492
9685,9684,0.40071267454072923
9747,9746,0.7420088815044814
9606,9605,0.7420088815044811
9659,9658,1.7576357137144278
9621,9620,1.7576357137144294
9754,9753,0.9318765128297855
9631,9630,0.9318765128297745
9739,9738,0.2807000477047731
9680,9679,0.28070565248706114
9695,9694,0.28068590630159795
9635,9634,0.5068241932821617
9637,9636,0.23983931083427276
9700,9699,0.5643417614635013
9681,9680,0.5643350249597828
9713,9712,0.4485672441069279
9736,9735,0.3870960512934133
10995,10994,0.5326768788746549
10265,10264,2.965026199158302
10365,10364,2.9650261991583013
10342,10341,4.182780496535296
10341,10340,0.48259178240911693
10278,10277,0.48261061326417554
10345,10344,0.518390554504185
10292,10291,0.5183905545041851
10346,10345,0.34438157178783185
10759,10758,1.105573707753562
10779,10778,1.1055737077535621
10736,10735,0.8702124237710812
10886,10885,0.9102453623734977
10902,10901,0.9023428230604907
10943,10942,0.902337505497348
10958,10957,0.9027613361930305
10959,10958,0.9088432696711679
10969,10968,0.9026133833461121
10972,10971,0.9023197817480759
10974,10973,0.9023428230604901
10983,10982,0.9099305388275146
10999,10998,0.9036413502846993
11001,11000,0.90841299661907
11003,11002,0.9060448399679222
11006,11005,0.9083021292361968
11017,11016,0.9101123956964495
11028,11027,0.9102944366547514
11029,11028,0.9023544740013442
11032,11031,0.9077902802574304
11037,11036,0.9096650793912022
11038,11037,0.9022825691923474
11057,11056,0.9021140612052265
11058,11057,0.9023428230604903
11082,11081,0.9024784834435328
11130,11129,0.9026417122455843
11133,11132,0.9102453623734991
11134,11133,0.9093860738607608
11146,11145,0.9021140612052266
11169,11168,0.9077626555312642
11171,11170,0.9100378573808195
11180,11179,0.902114061205227
11198,11197,0.9042456022715206
11148,11147,0.49811514696958537
11160,11159,0.49814191203211144
11179,11178,0.4993146911638542
11192,11191,0.4993146911638543
11199,11198,0.49855857087324945
11095,11094,0.4988420935360755
11104,11103,0.498115146969585
11106,11105,0.4982750752020015
11107,11106,0.49817829206410985
11108,11107,0.4981151469695857
10979,10978,0.4993146911638542
11126,11125,0.4981151469695853
11140,11139,0.5513775536774643
11159,11158,0.5514571514753678
11039,11038,0.5513880603247512
11168,11167,0.5514642975546706
11184,11183,0.5513775536774647
11059,11058,0.5513775536774648
11191,11190,0.5513775536774648
10956,10955,0.5514642975546701
10957,10956,0.5514645116824314
10960,10959,0.5513978858914937
11103,11102,0.5514426850307619
10961,10960,0.2077290112488294
11056,11055,0.20764411896898038
11167,11166,0.20770819102255106
11030,11029,0.3527625333727401
11007,11006,0.35276253337274016
11081,11080,0.5318611294556321
11083,11082,0.5867296221821039
11149,11148,0.5867296221821038
